player_id,game_id,game_date,matchup,win_loss,minutes,field_goals_made,field_goals_attempted,field_goal_pct,three_pointers_made,three_pointers_attempted,three_point_pct,free_throws_made,free_throws_attempted,free_throw_pct,offensive_rebounds,defensive_rebounds,rebounds,assists,steals,blocks,turnovers,personal_fouls,points,plus_minus
201939,0022501199,2026-04-12,GSW @ LAC,L,29,7,14,0.5,4,9,0.444,6,8,0.75,0,6,6,3,1,1,3,0,24,13
201939,0022501184,2026-04-10,GSW @ SAC,L,27,3,8,0.375,2,6,0.333,3,3,1.0,0,3,3,5,2,0,3,0,11,-4
201939,0022501154,2026-04-07,GSW vs. SAC,W,25,5,12,0.417,4,11,0.364,3,3,1.0,1,4,5,2,1,0,3,0,17,6
201939,0022501142,2026-04-05,GSW vs. HOU,L,26,11,21,0.524,5,10,0.5,2,3,0.667,0,2,2,4,1,0,1,1,29,12
201939,0022500696,2026-01-30,GSW vs. DET,L,25,7,16,0.438,4,10,0.4,5,5,1.0,0,1,1,2,0,1,4,0,23,-5
201939,0022500678,2026-01-28,GSW @ UTA,W,28,7,14,0.5,4,10,0.4,9,10,0.9,0,1,1,2,2,0,5,1,27,16
201939,0022500644,2026-01-25,GSW @ MIN,W,28,7,18,0.389,3,10,0.3,9,9,1.0,1,1,2,7,4,0,2,1,26,16
201939,0022500630,2026-01-22,GSW @ DAL,L,34,14,27,0.519,8,15,0.533,2,2,1.0,0,4,4,1,0,0,2,2,38,-24
201939,0022500618,2026-01-20,GSW vs. TOR,L,25,6,16,0.375,2,7,0.286,2,3,0.667,0,3,3,3,1,0,1,1,16,-25
201939,0022500612,2026-01-19,GSW vs. MIA,W,28,6,13,0.462,5,10,0.5,2,2,1.0,0,3,3,11,0,0,3,5,19,3
201939,0022500599,2026-01-17,GSW vs. CHA,W,30,6,12,0.5,2,8,0.25,0,0,0.0,1,2,3,5,0,0,3,0,14,2
201939,0022500584,2026-01-15,GSW vs. NYK,W,34,10,17,0.588,4,9,0.444,3,3,1.0,0,3,3,7,1,1,3,1,27,3
201939,0022500570,2026-01-13,GSW vs. POR,W,25,2,9,0.222,2,8,0.25,1,1,1.0,0,4,4,11,1,0,1,1,7,8
201939,0022500556,2026-01-11,GSW vs. ATL,L,33,11,21,0.524,3,11,0.273,6,6,1.0,0,3,3,5,0,0,3,2,31,-9
201939,0022500539,2026-01-09,GSW vs. SAC,W,32,10,21,0.476,6,12,0.5,1,1,1.0,0,0,0,10,1,2,2,0,27,14
201939,0022500526,2026-01-07,GSW vs. MIL,W,34,12,21,0.571,3,9,0.333,4,5,0.8,0,6,6,7,0,0,1,0,31,16
201939,0022500508,2026-01-05,GSW @ LAC,L,34,9,23,0.391,4,15,0.267,5,5,1.0,1,3,4,6,3,0,1,6,27,5
201939,0022500492,2026-01-03,GSW vs. UTA,W,34,8,18,0.444,6,12,0.5,9,9,1.0,0,2,2,5,1,0,2,2,31,5
201939,0022500462,2025-12-31,GSW @ CHA,W,33,9,16,0.563,5,10,0.5,3,3,1.0,0,2,2,4,0,1,5,4,26,11
201939,0022500449,2025-12-29,GSW @ BKN,W,29,8,15,0.533,5,12,0.417,6,7,0.857,0,2,2,5,1,0,2,1,27,-6
201939,0022500441,2025-12-28,GSW @ TOR,L,41,12,30,0.4,4,11,0.364,11,11,1.0,2,1,3,4,1,1,4,2,39,0
201939,0022500011,2025-12-25,GSW vs. DAL,W,33,6,18,0.333,2,10,0.2,9,9,1.0,1,2,3,4,0,0,3,3,23,-3
201939,0022500407,2025-12-22,GSW vs. ORL,W,31,10,23,0.435,4,13,0.308,2,2,1.0,0,3,3,6,2,0,3,1,26,17
201939,0022500392,2025-12-20,GSW vs. PHX,W,35,9,19,0.474,4,11,0.364,6,7,0.857,2,8,10,6,1,0,4,2,28,13
201939,0022500378,2025-12-18,GSW @ PHX,L,33,3,13,0.231,2,9,0.222,7,7,1.0,1,8,9,7,1,0,2,1,15,-12
201939,0022501221,2025-12-14,GSW @ POR,L,35,16,26,0.615,12,19,0.632,4,4,1.0,0,3,3,2,3,1,3,0,48,-8
201939,0022501215,2025-12-12,GSW vs. MIN,L,32,14,28,0.5,6,15,0.4,5,7,0.714,2,3,5,5,0,0,2,3,39,-3
201939,0022500066,2025-11-26,GSW vs. HOU,L,33,4,13,0.308,2,9,0.222,4,4,1.0,1,5,6,5,0,2,7,4,14,5
201939,0022500291,2025-11-24,GSW vs. UTA,W,29,12,24,0.5,6,17,0.353,1,1,1.0,1,3,4,2,1,2,3,0,31,4
201939,0022500056,2025-11-21,GSW vs. POR,L,34,14,23,0.609,9,17,0.529,1,1,1.0,0,2,2,4,0,0,3,2,38,-3
201939,0022500249,2025-11-18,GSW @ ORL,L,34,12,23,0.522,7,15,0.467,3,5,0.6,0,3,3,9,3,0,5,2,34,-3
201939,0022500237,2025-11-16,GSW @ NOP,W,28,2,11,0.182,1,6,0.167,4,5,0.8,1,4,5,3,0,0,4,3,9,18
201939,0022500047,2025-11-14,GSW @ SAS,W,36,16,26,0.615,9,17,0.529,8,8,1.0,0,4,4,2,2,0,3,2,49,9
201939,0022500220,2025-11-12,GSW @ SAS,W,34,13,25,0.52,5,16,0.313,15,16,0.938,0,5,5,5,2,0,1,2,46,5
201939,0022500210,2025-11-11,GSW @ OKC,L,20,4,13,0.308,1,5,0.2,2,3,0.667,0,1,1,0,1,0,1,5,11,-23
201939,0022500169,2025-11-04,GSW vs. PHX,W,34,9,23,0.391,5,12,0.417,5,5,1.0,1,3,4,3,1,1,2,3,28,7
201939,0022500144,2025-11-01,GSW @ IND,L,29,8,23,0.348,4,16,0.25,4,5,0.8,0,0,0,2,1,0,5,2,24,-21
201939,0022500139,2025-10-30,GSW @ MIL,L,35,8,19,0.421,4,10,0.4,7,8,0.875,0,6,6,4,1,0,5,2,27,-6
201939,0022500127,2025-10-28,GSW vs. LAC,W,26,7,15,0.467,2,8,0.25,3,3,1.0,0,2,2,8,2,0,2,1,19,16
201939,0022500121,2025-10-27,GSW vs. MEM,W,30,5,11,0.455,4,9,0.444,2,2,1.0,0,4,4,3,0,0,1,2,16,17
201939,0022500097,2025-10-24,GSW @ POR,L,27,12,22,0.545,7,14,0.5,4,4,1.0,1,5,6,3,1,2,4,1,35,-13
201939,0022500006,2025-10-23,GSW vs. DEN,W,37,14,25,0.56,6,12,0.5,8,8,1.0,0,6,6,7,3,1,2,1,42,15
201939,0022500002,2025-10-21,GSW @ LAL,W,32,6,14,0.429,3,9,0.333,8,8,1.0,0,1,1,4,3,1,2,3,23,1
